{"cameraMode":{"drawMode":0,"name":"Shaded","section":"Shading Mode"},"sceneLighting":true,"audioPlay":false,"sceneViewState":{"showFog":true,"showMaterialUpdate":false,"showSkybox":true,"showFlares":true,"showImageEffects":true,"showParticleSystems":true},"in2DMode":false,"pivot":{"x":-27.028257369995118,"y":25.04952621459961,"z":-37.99784469604492},"rotation":{"x":0.17746244370937348,"y":-0.03217652812600136,"z":0.0058174729347229,"w":0.9836087226867676},"size":14.068802833557129,"orthographic":false}