{"cameraMode":{"drawMode":0,"name":"Shaded","section":"Shading Mode"},"sceneLighting":true,"audioPlay":false,"sceneViewState":{"showFog":true,"showMaterialUpdate":false,"showSkybox":true,"showFlares":true,"showImageEffects":true,"showParticleSystems":true},"in2DMode":false,"pivot":{"x":11.634592056274414,"y":7.935920715332031,"z":0.7612342834472656},"rotation":{"x":0.3072408437728882,"y":-0.01142221037298441,"z":0.0036925754975527527,"w":0.9515732526779175},"size":18.03792381286621,"orthographic":false}