{"cameraMode":{"drawMode":0,"name":"Shaded","section":"Shading Mode"},"sceneLighting":true,"audioPlay":false,"sceneViewState":{"showFog":true,"showMaterialUpdate":false,"showSkybox":true,"showFlares":true,"showImageEffects":true,"showParticleSystems":true},"in2DMode":false,"pivot":{"x":-3.223114013671875,"y":-50.772972106933597,"z":60.04698944091797},"rotation":{"x":-0.34645122289657595,"y":-0.050064198672771457,"z":0.018512126058340074,"w":-0.9365572929382324},"size":57.61072540283203,"orthographic":false}