{"cameraMode":{"drawMode":0,"name":"Shaded","section":"Shading Mode"},"sceneLighting":true,"audioPlay":false,"sceneViewState":{"showFog":true,"showMaterialUpdate":false,"showSkybox":true,"showFlares":true,"showImageEffects":true,"showParticleSystems":true},"in2DMode":false,"pivot":{"x":753.5687255859375,"y":780.2415161132813,"z":630.7537841796875},"rotation":{"x":-0.06176652014255524,"y":0.011075828224420548,"z":-0.0006852879305370152,"w":-0.99803227186203},"size":876.400634765625,"orthographic":false}