{"cameraMode":{"drawMode":0,"name":"Shaded","section":"Shading Mode"},"sceneLighting":true,"audioPlay":false,"sceneViewState":{"showFog":true,"showMaterialUpdate":false,"showSkybox":true,"showFlares":true,"showImageEffects":true,"showParticleSystems":true},"in2DMode":false,"pivot":{"x":3.4557642936706545,"y":5.759119987487793,"z":1.8303823471069337},"rotation":{"x":0.3511618971824646,"y":0.004210064187645912,"z":-0.0015769696328788996,"w":0.9363196492195129},"size":9.779973030090332,"orthographic":false}