{"cameraMode":{"drawMode":0,"name":"Shaded","section":"Shading Mode"},"sceneLighting":true,"audioPlay":false,"sceneViewState":{"showFog":true,"showMaterialUpdate":false,"showSkybox":true,"showFlares":true,"showImageEffects":true,"showParticleSystems":true},"in2DMode":false,"pivot":{"x":-0.14406919479370118,"y":-120.92880249023438,"z":156.50253295898438},"rotation":{"x":0.31266987323760989,"y":-0.005411504302173853,"z":0.0018015175592154265,"w":0.9498714208602905},"size":143.62515258789063,"orthographic":false}