{"cameraMode":{"drawMode":0,"name":"Shaded","section":"Shading Mode"},"sceneLighting":true,"audioPlay":false,"sceneViewState":{"showFog":true,"showMaterialUpdate":false,"showSkybox":true,"showFlares":true,"showImageEffects":true,"showParticleSystems":true},"in2DMode":false,"pivot":{"x":14.916776657104493,"y":12.069704055786133,"z":1.0138130187988282},"rotation":{"x":0.3883925676345825,"y":-0.041449081152677539,"z":0.017495719715952874,"w":0.9204069972038269},"size":19.147092819213868,"orthographic":false}