{"cameraMode":{"drawMode":0,"name":"Shaded","section":"Shading Mode"},"sceneLighting":true,"audioPlay":false,"sceneViewState":{"showFog":true,"showMaterialUpdate":false,"showSkybox":true,"showFlares":true,"showImageEffects":true,"showParticleSystems":true},"in2DMode":false,"pivot":{"x":-21.44014549255371,"y":-0.8158893585205078,"z":30.57941436767578},"rotation":{"x":0.17311353981494904,"y":0.010633408091962338,"z":-0.0018696237821131945,"w":0.9848451614379883},"size":56.028350830078128,"orthographic":false}