{"cameraMode":{"drawMode":0,"name":"Shaded","section":"Shading Mode"},"sceneLighting":true,"audioPlay":false,"sceneViewState":{"showFog":true,"showMaterialUpdate":false,"showSkybox":true,"showFlares":true,"showImageEffects":true,"showParticleSystems":true},"in2DMode":false,"pivot":{"x":1.3980798721313477,"y":12.541461944580079,"z":-11.90167236328125},"rotation":{"x":-0.3545114994049072,"y":0.006164771970361471,"z":-0.002337462967261672,"w":-0.9350330233573914},"size":20.72130584716797,"orthographic":false}