{"cameraMode":{"drawMode":0,"name":"Shaded","section":"Shading Mode"},"sceneLighting":true,"audioPlay":false,"sceneViewState":{"showFog":true,"showMaterialUpdate":false,"showSkybox":true,"showFlares":true,"showImageEffects":true,"showParticleSystems":true},"in2DMode":false,"pivot":{"x":-8.1279935836792,"y":-84.54441833496094,"z":190.87075805664063},"rotation":{"x":-0.22923517227172852,"y":0.012261581607162953,"z":-0.0028879207093268635,"w":-0.9732940196990967},"size":162.727294921875,"orthographic":false}