{"cameraMode":{"drawMode":0,"name":"Shaded","section":"Shading Mode"},"sceneLighting":true,"audioPlay":false,"sceneViewState":{"showFog":true,"showMaterialUpdate":false,"showSkybox":true,"showFlares":true,"showImageEffects":true,"showParticleSystems":true},"in2DMode":false,"pivot":{"x":16.050888061523439,"y":8.89236831665039,"z":23.743844985961915},"rotation":{"x":0.299225389957428,"y":-0.010018721222877503,"z":0.003141996916383505,"w":0.9541245102882385},"size":38.32851791381836,"orthographic":false}